banner_pos,impressions,clicks,ctr
0,29109590,4781901,0.16427235835338114
1,11247282,2065164,0.18361449459522755
7,43577,13949,0.3201000527801363
2,13001,1550,0.11922159833858934
4,7704,1428,0.1853582554517134
5,5778,702,0.12149532710280374
3,2035,372,0.1828009828009828
