device_type,impressions,clicks,ctr
1,37304667,6311046,0.16917577631774597
0,2220812,467995,0.21073148019733323
4,774272,73900,0.09544449495784427
5,129185,12123,0.09384216433796494
2,31,2,0.06451612903225806
