device_type,0,1,2,3,4,5,7
0,0.21073148019733323,,,,,,
1,0.16043603221912217,0.19187257238420125,0.11922159833858934,0.1831610044313146,0.1853582554517134,0.12149532710280374,0.2222222222222222
2,0.0,0.5,,0.0,,,
4,0.125,0.08487253813019803,,,,,0.31238185255198486
5,0.10746268656716418,0.07733353126494796,,,,,0.35676671932596105
