banner_pos,impressions,clicks,ctr,overall_ctr,ctr_vs_overall,impressions_rank
0,29109590,4781901,0.16427235835338114,0.169805624764046,-0.005533266410664872,1
1,11247282,2065164,0.18361449459522755,0.169805624764046,0.013808869831181542,2
2,13001,1550,0.11922159833858934,0.169805624764046,-0.050584026425456674,4
3,2035,372,0.1828009828009828,0.169805624764046,0.0129953580369368,7
4,7704,1428,0.1853582554517134,0.169805624764046,0.01555263068766738,5
5,5778,702,0.12149532710280374,0.169805624764046,-0.04831029766124227,6
7,43577,13949,0.3201000527801363,0.169805624764046,0.1502944280160903,3
