device_type,impressions,clicks,ctr,overall_ctr,ctr_vs_overall,impression_share
1,37304667,6311046,0.16917577631774597,0.169805624764046,-0.0006298484463000409,0.9227212508298814
0,2220812,467995,0.21073148019733323,0.169805624764046,0.04092585543328722,0.054931208111253495
4,774272,73900,0.09544449495784427,0.169805624764046,-0.07436112980620174,0.01915141685415806
5,129185,12123,0.09384216433796494,0.169805624764046,-0.07596346042608107,0.0031953574277571823
2,31,2,0.06451612903225806,0.169805624764046,-0.10528949573178795,7.667769498043321e-07
