site_category,0,1,2,4,5
50e219e0,0.21073148019733323,0.11722468258620698,0.0,0.09544296799925604,0.09380675203725262
f028772b,,0.17958075119986,0.15384615384615385,0.125,0.10746268656716418
28905ebd,,0.20801907713595713,,,
3e814130,,0.2830027544777475,,,
f66779e6,,0.039686909538880814,,,
75fa27f6,,0.11128365996832003,,,
335d28a8,,0.09364717607486497,0.0,,
76b2941d,,0.03026137426733108,,,
c0dd3be3,,0.11199809931100024,,,
72722551,,0.057626878366884036,,,
