entity,feature_count,total_mean_abs_shap,top_feature,top_feature_mean_abs_shap,entity_importance_percent
site_id,6,0.615107474848628,site_id_te,0.36524632573127747,0.4215219786180009
app_id,6,0.436289444565773,app_id_te,0.27762076258659363,0.2989812308308733
device_model,6,0.20564136235043406,device_model_te,0.12087327986955643,0.14092228998678308
app_category,6,0.084302410017699,app_category_freq,0.03696116805076599,0.05777091016764405
site_category,6,0.06528342235833406,site_category_hist_impressions,0.023691494017839432,0.04473754341907749
time,3,0.05262950975156855,hour_cos,0.03234221413731575,0.03606604697762116
