feature_family,feature_count,total_mean_abs_shap,top_feature,top_feature_mean_abs_shap,group_importance_percent
target_encoding,5,0.7887857644818723,site_id_te,0.36524632573127747,0.5405405555052537
historical_ctr,5,0.22858366509899497,site_id_hist_ctr,0.13122650980949402,0.15664423329596894
frequency,5,0.1842033350840211,site_id_freq,0.062148790806531906,0.12623119933920338
exposure_percentile,5,0.08860393799841404,app_id_exposure_percentile,0.03860201686620712,0.06071866915229613
historical_impressions,5,0.06805871520191431,site_category_hist_impressions,0.023691494017839432,0.04663940118947479
time,3,0.05262950975156855,hour_cos,0.03234221413731575,0.03606604697762116
historical_clicks,5,0.048388696275651455,app_id_hist_clicks,0.016187500208616257,0.033159894540181895
