model,data_scope,train_rows,valid_rows,feature_count,roc_auc,log_loss,accuracy,precision,recall,f1,valid_actual_ctr,valid_mean_predicted_ctr,calibration_gap,predicted_click_ratio_at_threshold,threshold,best_iteration,training_seconds,model_size_mb,random_state,train_id_sha256,valid_id_sha256,holdout_used
Logistic Regression,fixed_shared_sample,100000,50000,33,0.6124992166330723,0.48284012318330904,0.84132,0.0,0.0,0.0,0.15868,0.07370362736411472,0.08497637263588527,0.0,0.5,,0.07802395801991224,0.0030422210693359375,42,f1922d6aeff411cf2a6c8e0b697c894b9446f24e67bbafa0bb29dfbe878e94f1,46208ac9fdda8a91e5a8e5ca926db27c779c607f6e302255a3017e7bcf866a2f,False
LightGBM,fixed_shared_sample,100000,50000,33,0.7099112866092728,0.4005743855018556,0.8407,0.45584045584045585,0.0201663725737333,0.03862401931200966,0.15868,0.16477851708098631,0.0060985170809863265,0.00702,0.5,347.0,2.414200333005283,1.1850032806396484,42,f1922d6aeff411cf2a6c8e0b697c894b9446f24e67bbafa0bb29dfbe878e94f1,46208ac9fdda8a91e5a8e5ca926db27c779c607f6e302255a3017e7bcf866a2f,False
XGBoost,fixed_shared_sample,100000,50000,33,0.7002090242887313,0.4029479121007915,0.84142,0.5157232704402516,0.010335265944038316,0.020264426047201287,0.15868,0.16500352208942176,0.006323522089421774,0.00318,0.5,92.0,0.7604043339961208,0.7231235504150391,42,f1922d6aeff411cf2a6c8e0b697c894b9446f24e67bbafa0bb29dfbe878e94f1,46208ac9fdda8a91e5a8e5ca926db27c779c607f6e302255a3017e7bcf866a2f,False
