model,roc_auc,log_loss,accuracy,precision,recall,f1,valid_actual_ctr,valid_mean_predicted_ctr,calibration_gap,predicted_click_ratio_at_threshold,threshold,best_iteration,training_seconds,train_rows,valid_rows,feature_count,train_id_sha256,valid_id_sha256,holdout_used
optuna_tuned_lightgbm,0.7133470120075274,0.39890335688189843,0.84084,0.4689119170984456,0.022813208974035794,0.04350961538461538,0.15868,0.16319676233351393,0.004516762333513946,0.00772,0.5,144,2.7246861250023358,100000,50000,33,f95f9a9bc21892497bda02b468010c9f7c32a598a85f977a51a97c328887da17,3ec37858b692dc5954db3ba8670569398c7b9b93a3cfcc131d179a81d76f1457,False
