model,roc_auc,log_loss,calibration_gap,valid_actual_ctr,valid_mean_predicted_ctr,best_iteration,training_seconds,train_rows,valid_rows,feature_count,train_id_sha256,valid_id_sha256,holdout_used,auc_absolute_improvement,auc_relative_improvement_percent,logloss_absolute_reduction,logloss_relative_reduction_percent,calibration_gap_change
fixed_sample_lightgbm_baseline,0.735405515794652,0.385237367901951,5.539927370148967e-05,0.156968,0.1570233992737014,376.0,13.103979000006802,2000000,500000,33,f1922d6aeff411cf2a6c8e0b697c894b9446f24e67bbafa0bb29dfbe878e94f1,46208ac9fdda8a91e5a8e5ca926db27c779c607f6e302255a3017e7bcf866a2f,False,0.0,0.0,0.0,0.0,0.0
optuna_tuned_lightgbm,0.7133470120075274,0.39890335688189843,0.004516762333513946,0.15868,0.16319676233351393,144.0,2.7246861250023358,100000,50000,33,f95f9a9bc21892497bda02b468010c9f7c32a598a85f977a51a97c328887da17,3ec37858b692dc5954db3ba8670569398c7b9b93a3cfcc131d179a81d76f1457,False,-0.022058503787124595,-2.999502086041467,-0.013665988979947419,-3.547420400667266,0.0044613630598124565
