model,roc_auc,log_loss,accuracy,precision,recall,f1,valid_actual_ctr,valid_mean_predicted_ctr,calibration_gap,predicted_click_ratio_at_threshold,threshold,best_iteration,training_seconds,train_rows,valid_rows,feature_count,train_id_sha256,valid_id_sha256,holdout_used
optuna_tuned_lightgbm,0.7370765023471366,0.38483124520713236,0.845716,0.5876207887176809,0.05733652719025534,0.10447865152887094,0.156968,0.16076747425639076,0.003799474256390767,0.015316,0.5,208,9.458850125025492,2000000,500000,33,f1922d6aeff411cf2a6c8e0b697c894b9446f24e67bbafa0bb29dfbe878e94f1,46208ac9fdda8a91e5a8e5ca926db27c779c607f6e302255a3017e7bcf866a2f,False
