model,roc_auc,log_loss,calibration_gap,valid_actual_ctr,valid_mean_predicted_ctr,best_iteration,training_seconds,train_rows,valid_rows,feature_count,train_id_sha256,valid_id_sha256,holdout_used,auc_absolute_improvement,auc_relative_improvement_percent,logloss_absolute_reduction,logloss_relative_reduction_percent,calibration_gap_change
fixed_sample_lightgbm_baseline,0.735405515794652,0.385237367901951,5.539927370148967e-05,0.156968,0.1570233992737014,376.0,13.103979000006802,2000000,500000,33,f1922d6aeff411cf2a6c8e0b697c894b9446f24e67bbafa0bb29dfbe878e94f1,46208ac9fdda8a91e5a8e5ca926db27c779c607f6e302255a3017e7bcf866a2f,False,0.0,0.0,0.0,0.0,0.0
optuna_tuned_lightgbm,0.7370765023471366,0.38483124520713236,0.003799474256390767,0.156968,0.16076747425639076,208.0,9.458850125025492,2000000,500000,33,f1922d6aeff411cf2a6c8e0b697c894b9446f24e67bbafa0bb29dfbe878e94f1,46208ac9fdda8a91e5a8e5ca926db27c779c607f6e302255a3017e7bcf866a2f,False,0.0016709865524846546,0.2272197470097907,0.0004061226948186558,0.10542141771719832,0.003744074982689277
