model,mode,roc_auc,log_loss,accuracy,precision,recall,f1,valid_actual_ctr,valid_mean_predicted_ctr,predicted_click_ratio_at_threshold,best_iteration,note
logistic_regression,formal,0.731078941430253,0.4126315426040813,0.8434781224690864,0.5006010835115767,0.10687269703236946,0.17614122500662643,0.1565620590469988,0.2439792785058468,0.03342423749050255,,正式模式基线
lightgbm,formal,0.735405515794652,0.38523736790195107,0.84578,0.5907050435701082,0.05700524947760053,0.10397638801738363,0.156968,0.15702339927370149,0.015148,376.0,正式模式基线
xgboost,test,0.7329941188075726,0.40851837396621704,0.843605,0.0,0.0,0.0,0.156395,0.1673915684223175,0.0,8.0,测试模式链路检查，不能作为最终结论
