method,data_scope,calibration_rows,evaluation_rows,roc_auc,log_loss,brier_score,actual_ctr,mean_predicted_ctr,calibration_gap,expected_calibration_error,maximum_calibration_error,accuracy,precision,recall,f1,predicted_click_ratio_at_threshold,threshold,selected_as_best,holdout_used
uncalibrated,development_calibration_evaluation_split,60000,40000,0.7367502189384567,0.3851605525796408,0.1189610455754377,0.156975,0.16080433569460764,0.0038293356946076385,0.007008512582969073,0.019752317077011305,0.846175,0.6022727272727273,0.059085841694537344,0.10761421319796954,0.0154,0.5,False,False
sigmoid,development_calibration_evaluation_split,60000,40000,0.7367502189384567,0.385118145878506,0.11893996536512755,0.156975,0.15775769901431144,0.0007826990143114387,0.006453611034580656,0.01584728890680845,0.846175,0.6039603960396039,0.05828953655040611,0.10631808278867103,0.01515,0.5,False,False
isotonic,development_calibration_evaluation_split,60000,40000,0.7365781682869604,0.38482267938790915,0.11891862019602609,0.156975,0.15776592195676786,0.0007909219567678594,0.006889921127959955,0.02101413958910947,0.846125,0.5993589743589743,0.05956362478101609,0.10835868462987107,0.0156,0.5,True,False
