{
  "script_name": "scripts/34_calibrate_tuned_lightgbm.py",
  "created_at": "2026-07-20T06:29:35.354243+00:00",
  "test_mode": true,
  "sklearn_version": "1.9.0",
  "random_state": 42,
  "total_valid_rows": 100000,
  "total_valid_ctr": 0.15697,
  "calibration_ratio": 0.6,
  "calibration_rows": 60000,
  "evaluation_rows": 40000,
  "calibration_ctr": 0.15696666666666667,
  "evaluation_ctr": 0.156975,
  "calibration_indices_sha256": "06b7c971e6b8bf884f8b91e11decf1e59b3ce230cadc9161a9f915fc88629882",
  "evaluation_indices_sha256": "c285858397e075fd799cc4f7ec10896173aab3e1d8f1d924e963ca7203715f2e",
  "methods": [
    "uncalibrated",
    "sigmoid",
    "isotonic"
  ],
  "metrics": [
    {
      "method": "uncalibrated",
      "data_scope": "development_calibration_evaluation_split",
      "calibration_rows": 60000,
      "evaluation_rows": 40000,
      "roc_auc": 0.7367502189384567,
      "log_loss": 0.3851605525796408,
      "brier_score": 0.1189610455754377,
      "actual_ctr": 0.156975,
      "mean_predicted_ctr": 0.16080433569460764,
      "calibration_gap": 0.0038293356946076385,
      "expected_calibration_error": 0.007008512582969073,
      "maximum_calibration_error": 0.019752317077011305,
      "accuracy": 0.846175,
      "precision": 0.6022727272727273,
      "recall": 0.059085841694537344,
      "f1": 0.10761421319796954,
      "predicted_click_ratio_at_threshold": 0.0154,
      "threshold": 0.5,
      "selected_as_best": false,
      "holdout_used": false
    },
    {
      "method": "sigmoid",
      "data_scope": "development_calibration_evaluation_split",
      "calibration_rows": 60000,
      "evaluation_rows": 40000,
      "roc_auc": 0.7367502189384567,
      "log_loss": 0.385118145878506,
      "brier_score": 0.11893996536512755,
      "actual_ctr": 0.156975,
      "mean_predicted_ctr": 0.15775769901431144,
      "calibration_gap": 0.0007826990143114387,
      "expected_calibration_error": 0.006453611034580656,
      "maximum_calibration_error": 0.01584728890680845,
      "accuracy": 0.846175,
      "precision": 0.6039603960396039,
      "recall": 0.05828953655040611,
      "f1": 0.10631808278867103,
      "predicted_click_ratio_at_threshold": 0.01515,
      "threshold": 0.5,
      "selected_as_best": false,
      "holdout_used": false
    },
    {
      "method": "isotonic",
      "data_scope": "development_calibration_evaluation_split",
      "calibration_rows": 60000,
      "evaluation_rows": 40000,
      "roc_auc": 0.7365781682869604,
      "log_loss": 0.38482267938790915,
      "brier_score": 0.11891862019602609,
      "actual_ctr": 0.156975,
      "mean_predicted_ctr": 0.15776592195676786,
      "calibration_gap": 0.0007909219567678594,
      "expected_calibration_error": 0.006889921127959955,
      "maximum_calibration_error": 0.02101413958910947,
      "accuracy": 0.846125,
      "precision": 0.5993589743589743,
      "recall": 0.05956362478101609,
      "f1": 0.10835868462987107,
      "predicted_click_ratio_at_threshold": 0.0156,
      "threshold": 0.5,
      "selected_as_best": true,
      "holdout_used": false
    }
  ],
  "best_development_method": "isotonic",
  "selection_priority": [
    "log_loss",
    "brier_score",
    "expected_calibration_error",
    "calibration_gap"
  ],
  "selection_reason": "按优先级 ['log_loss', 'brier_score', 'expected_calibration_error', 'calibration_gap'] 选择 isotonic；LogLoss 改善；Brier Score 改善；ECE 改善；calibration_gap 改善",
  "sigmoid_parameters": {
    "coefficient": 1.0135677976327808,
    "intercept": -0.0064537080805166375,
    "n_iter": 6,
    "converged": true
  },
  "isotonic_parameters": {
    "X_min": 0.000766011971440986,
    "X_max": 0.9090464600035306,
    "n_knots": 119,
    "increasing": true,
    "out_of_bounds": "clip"
  },
  "final_calibrator_method": "isotonic",
  "final_calibrator_path": "models/test/tuned_lightgbm_selected_calibrator.joblib",
  "source_model_path": "models/tuned_lightgbm_optuna_model.joblib",
  "source_prediction_path": "outputs/predictions/tuned_lightgbm_valid_predictions.parquet",
  "source_optuna_metadata": "outputs/lightgbm_optuna_metadata.json",
  "valid_id_sha256": "46208ac9fdda8a91e5a8e5ca926db27c779c607f6e302255a3017e7bcf866a2f",
  "holdout_used": false,
  "validation_passed": true,
  "limitations": [
    "LightGBM 超参数已经使用完整 valid 选择",
    "本次 evaluation 用于校准方法开发比较",
    "最终无偏指标必须等待 holdout",
    "最终全量 valid 校准器不能在同一 valid 上自我评价"
  ],
  "output_paths": {
    "bins_csv": "outputs/calibration/probability_calibration_bins_test.csv",
    "evaluation_predictions": "outputs/predictions/probability_calibration_evaluation_predictions_test.parquet",
    "metrics_csv": "outputs/probability_calibration_metrics_test.csv",
    "comparison_csv": "outputs/probability_calibration_comparison_test.csv",
    "report_txt": "outputs/probability_calibration_report_test.txt",
    "plots_dir": "outputs/calibration/plots_test",
    "sigmoid_calibrator": "models/test/tuned_lightgbm_sigmoid_calibrator.joblib",
    "isotonic_calibrator": "models/test/tuned_lightgbm_isotonic_calibrator.joblib",
    "selected_calibrator": "models/test/tuned_lightgbm_selected_calibrator.joblib"
  }
}