{
  "script_name": "scripts/34_calibrate_tuned_lightgbm.py",
  "created_at": "2026-07-20T06:40:57.233509+00:00",
  "test_mode": false,
  "sklearn_version": "1.9.0",
  "random_state": 42,
  "total_valid_rows": 500000,
  "total_valid_ctr": 0.156968,
  "calibration_ratio": 0.6,
  "calibration_rows": 300000,
  "evaluation_rows": 200000,
  "calibration_ctr": 0.15696666666666667,
  "evaluation_ctr": 0.15697,
  "calibration_indices_sha256": "b1b199787978060b308c196c41e2fa4914ef7171865897e74bd0653c0011ac2b",
  "evaluation_indices_sha256": "0890f6528e5d42b52d964142951da054b7f9d33c9f14c30a518317ecc26bc248",
  "methods": [
    "uncalibrated",
    "sigmoid",
    "isotonic"
  ],
  "metrics": [
    {
      "method": "uncalibrated",
      "data_scope": "development_calibration_evaluation_split",
      "calibration_rows": 300000,
      "evaluation_rows": 200000,
      "roc_auc": 0.7351831928491187,
      "log_loss": 0.3856431701402131,
      "brier_score": 0.1193545203675139,
      "actual_ctr": 0.15697,
      "mean_predicted_ctr": 0.16071396019610798,
      "calibration_gap": 0.0037439601961079816,
      "expected_calibration_error": 0.006244150993165998,
      "maximum_calibration_error": 0.01766686355137731,
      "accuracy": 0.845125,
      "precision": 0.5665290568434423,
      "recall": 0.056826145123271964,
      "f1": 0.1032915496627392,
      "predicted_click_ratio_at_threshold": 0.015745,
      "threshold": 0.5,
      "selected_as_best": false,
      "holdout_used": false
    },
    {
      "method": "sigmoid",
      "data_scope": "development_calibration_evaluation_split",
      "calibration_rows": 300000,
      "evaluation_rows": 200000,
      "roc_auc": 0.7351831928491187,
      "log_loss": 0.3855871594721764,
      "brier_score": 0.11933197817324774,
      "actual_ctr": 0.15697,
      "mean_predicted_ctr": 0.1568906118293456,
      "calibration_gap": 7.938817065439308e-05,
      "expected_calibration_error": 0.00488424709491197,
      "maximum_calibration_error": 0.013917396455998779,
      "accuracy": 0.845175,
      "precision": 0.5743500866551127,
      "recall": 0.0527807861374785,
      "f1": 0.09667726596458473,
      "predicted_click_ratio_at_threshold": 0.014425,
      "threshold": 0.5,
      "selected_as_best": false,
      "holdout_used": false
    },
    {
      "method": "isotonic",
      "data_scope": "development_calibration_evaluation_split",
      "calibration_rows": 300000,
      "evaluation_rows": 200000,
      "roc_auc": 0.7352969325705098,
      "log_loss": 0.3852783424645625,
      "brier_score": 0.11925437418528906,
      "actual_ctr": 0.15697,
      "mean_predicted_ctr": 0.15690706376307795,
      "calibration_gap": 6.293623692205097e-05,
      "expected_calibration_error": 0.004339070442215653,
      "maximum_calibration_error": 0.011353430925056862,
      "accuracy": 0.845095,
      "precision": 0.5641105246817758,
      "recall": 0.057877301395171055,
      "f1": 0.10498338870431893,
      "predicted_click_ratio_at_threshold": 0.016105,
      "threshold": 0.5,
      "selected_as_best": true,
      "holdout_used": false
    }
  ],
  "best_development_method": "isotonic",
  "selection_priority": [
    "log_loss",
    "brier_score",
    "expected_calibration_error",
    "calibration_gap"
  ],
  "selection_reason": "按优先级 ['log_loss', 'brier_score', 'expected_calibration_error', 'calibration_gap'] 选择 isotonic；LogLoss 改善；Brier Score 改善；ECE 改善；calibration_gap 改善",
  "sigmoid_parameters": {
    "coefficient": 1.001421934757169,
    "intercept": -0.029879614111770585,
    "n_iter": 6,
    "converged": true
  },
  "isotonic_parameters": {
    "X_min": 0.0006422223282607401,
    "X_max": 0.9254844535607598,
    "n_knots": 212,
    "increasing": true,
    "out_of_bounds": "clip"
  },
  "final_calibrator_method": "isotonic",
  "final_calibrator_path": "models/tuned_lightgbm_selected_calibrator.joblib",
  "source_model_path": "models/tuned_lightgbm_optuna_model.joblib",
  "source_prediction_path": "outputs/predictions/tuned_lightgbm_valid_predictions.parquet",
  "source_optuna_metadata": "outputs/lightgbm_optuna_metadata.json",
  "valid_id_sha256": "46208ac9fdda8a91e5a8e5ca926db27c779c607f6e302255a3017e7bcf866a2f",
  "holdout_used": false,
  "validation_passed": true,
  "limitations": [
    "LightGBM 超参数已经使用完整 valid 选择",
    "本次 evaluation 用于校准方法开发比较",
    "最终无偏指标必须等待 holdout",
    "最终全量 valid 校准器不能在同一 valid 上自我评价"
  ],
  "output_paths": {
    "bins_csv": "outputs/calibration/probability_calibration_bins.csv",
    "evaluation_predictions": "outputs/predictions/probability_calibration_evaluation_predictions.parquet",
    "metrics_csv": "outputs/probability_calibration_metrics.csv",
    "comparison_csv": "outputs/probability_calibration_comparison.csv",
    "report_txt": "outputs/probability_calibration_report.txt",
    "plots_dir": "outputs/calibration/plots",
    "sigmoid_calibrator": "models/tuned_lightgbm_sigmoid_calibrator.joblib",
    "isotonic_calibrator": "models/tuned_lightgbm_isotonic_calibrator.joblib",
    "selected_calibrator": "models/tuned_lightgbm_selected_calibrator.joblib"
  }
}