{
  "script_name": "scripts/35_analyze_threshold_lift_strategy.py",
  "created_at": "2026-07-20T09:13:49.073852+00:00",
  "test_mode": false,
  "random_state": 42,
  "selected_method": "isotonic",
  "selected_probability_column": "isotonic_probability",
  "source_prediction_path": "outputs/predictions/probability_calibration_evaluation_predictions.parquet",
  "source_calibration_metadata": "outputs/probability_calibration_metadata.json",
  "data_scope": "development_calibration_evaluation_split",
  "evaluation_rows": 200000,
  "evaluation_ctr": 0.15697,
  "probability_summary": {
    "rows": 200000,
    "clicks": 31394,
    "actual_ctr": 0.15697,
    "mean_predicted_ctr": 0.15690706376307795,
    "roc_auc": 0.7352969325705098,
    "average_precision": 0.33162252445102125,
    "log_loss": 0.3852783424645625,
    "brier_score": 0.11925437418528906,
    "minimum_probability": 1e-07,
    "maximum_probability": 0.9999999,
    "probability_quantiles": {
      "q00": 1e-07,
      "q01": 0.010160603080957063,
      "q05": 0.019039595619208087,
      "q10": 0.030492030492030493,
      "q25": 0.06266471449487554,
      "q50": 0.12927899686520378,
      "q75": 0.21967677440853048,
      "q90": 0.3088050314465409,
      "q95": 0.32673267326732675,
      "q99": 0.5577651515151517,
      "q100": 0.9999999
    }
  },
  "threshold_count": 74,
  "threshold_range": {
    "min": 1e-07,
    "max": 0.9999999
  },
  "topk_coverages": [
    0.01,
    0.02,
    0.05,
    0.1,
    0.15,
    0.2,
    0.3,
    0.4,
    0.5,
    0.6,
    0.7,
    0.8,
    0.9,
    1.0
  ],
  "decile_count": 10,
  "operating_points": [
    {
      "operating_point": "maximum_f1",
      "feasible": true,
      "interpretation": "F1 最大的数学折中阈值；并列时选择更高阈值。",
      "threshold": 0.21,
      "coverage": 0.28937,
      "precision": 0.3012406261879255,
      "recall": 0.5553290437663247,
      "f1": 0.3905990948604204,
      "lift": 1.9190968095045264,
      "selected_group_ctr": 0.3012406261879255,
      "click_capture_rate": 0.5553290437663247,
      "tp": 17434.0,
      "fp": 40440.0,
      "tn": 128166.0,
      "fn": 13960.0
    },
    {
      "operating_point": "maximum_youden_j",
      "feasible": true,
      "interpretation": "Youden J 最大，兼顾 recall 与 specificity。",
      "threshold": 0.16,
      "coverage": 0.41886,
      "precision": 0.2661509812347801,
      "recall": 0.7101994011594572,
      "f1": 0.3871976104058489,
      "lift": 1.6955531708911262,
      "selected_group_ctr": 0.2661509812347801,
      "click_capture_rate": 0.7101994011594572,
      "tp": 22296.0,
      "fp": 61476.0,
      "tn": 107130.0,
      "fn": 9098.0
    },
    {
      "operating_point": "recall_at_least_80_percent",
      "feasible": true,
      "interpretation": "Recall >= 80% 时 precision 最高的阈值。",
      "threshold": 0.12,
      "coverage": 0.527935,
      "precision": 0.24056938827696592,
      "recall": 0.8091036503790533,
      "f1": 0.37086895262846675,
      "lift": 1.5325819473591509,
      "selected_group_ctr": 0.24056938827696592,
      "click_capture_rate": 0.8091036503790533,
      "tp": 25401.0,
      "fp": 80186.0,
      "tn": 88420.0,
      "fn": 5993.0
    },
    {
      "operating_point": "recall_at_least_90_percent",
      "feasible": true,
      "interpretation": "Recall >= 90% 时 precision 最高的阈值。",
      "threshold": 0.09,
      "coverage": 0.66743,
      "precision": 0.21382017589859612,
      "recall": 0.9091546155316302,
      "f1": 0.3462154294032023,
      "lift": 1.3621722360871258,
      "selected_group_ctr": 0.21382017589859612,
      "click_capture_rate": 0.9091546155316302,
      "tp": 28542.0,
      "fp": 104944.0,
      "tn": 63662.0,
      "fn": 2852.0
    },
    {
      "operating_point": "precision_at_least_25_percent",
      "feasible": true,
      "interpretation": "Precision >= 25% 时 recall 最高的阈值。",
      "threshold": 0.15,
      "coverage": 0.41894,
      "precision": 0.26612402730701296,
      "recall": 0.7102631076001784,
      "f1": 0.3871785522043375,
      "lift": 1.6953814570109764,
      "selected_group_ctr": 0.26612402730701296,
      "click_capture_rate": 0.7102631076001784,
      "tp": 22298.0,
      "fp": 61490.0,
      "tn": 107116.0,
      "fn": 9096.0
    },
    {
      "operating_point": "coverage_nearest_10_percent",
      "feasible": true,
      "interpretation": "coverage 最接近 10% 的阈值。",
      "threshold": 0.31,
      "coverage": 0.09957,
      "precision": 0.38380034146831377,
      "recall": 0.24345416321590113,
      "f1": 0.2979262493178452,
      "lift": 2.445055370251091,
      "selected_group_ctr": 0.38380034146831377,
      "click_capture_rate": 0.24345416321590113,
      "tp": 7643.0,
      "fp": 12271.0,
      "tn": 156335.0,
      "fn": 23751.0
    },
    {
      "operating_point": "coverage_nearest_20_percent",
      "feasible": true,
      "interpretation": "coverage 最接近 20% 的阈值。",
      "threshold": 0.26,
      "coverage": 0.18871,
      "precision": 0.3357532722166287,
      "recall": 0.4036440084092502,
      "f1": 0.36658180976625787,
      "lift": 2.1389645933403116,
      "selected_group_ctr": 0.3357532722166287,
      "click_capture_rate": 0.4036440084092502,
      "tp": 12672.0,
      "fp": 25070.0,
      "tn": 143536.0,
      "fn": 18722.0
    }
  ],
  "output_paths": {
    "threshold_metrics_csv": "outputs/strategy/threshold_metrics.csv",
    "topk_metrics_csv": "outputs/strategy/topk_lift_metrics.csv",
    "decile_csv": "outputs/strategy/score_decile_analysis.csv",
    "operating_points_csv": "outputs/strategy/operating_points.csv",
    "ranked_predictions": "outputs/predictions/selected_probability_strategy_evaluation.parquet",
    "summary_csv": "outputs/threshold_strategy_summary.csv",
    "report_txt": "outputs/threshold_strategy_report.txt",
    "plots_dir": "outputs/strategy/plots"
  },
  "limitations": [
    "当前结果属于 development evaluation",
    "LightGBM 参数曾使用完整 valid 选择",
    "最终校准器尚未在 holdout 上评价",
    "Top-K 默认每条曝光成本相同",
    "缺少真实收益与投放成本数据",
    "阈值不能仅根据 F1 确定"
  ],
  "holdout_used": false,
  "validation_passed": true
}