{
  "script_name": "scripts/35_analyze_threshold_lift_strategy.py",
  "created_at": "2026-07-20T08:17:50.444356+00:00",
  "test_mode": true,
  "random_state": 42,
  "selected_method": "isotonic",
  "selected_probability_column": "isotonic_probability",
  "source_prediction_path": "outputs/predictions/probability_calibration_evaluation_predictions.parquet",
  "source_calibration_metadata": "outputs/probability_calibration_metadata.json",
  "data_scope": "development_calibration_evaluation_split",
  "evaluation_rows": 50000,
  "evaluation_ctr": 0.15698,
  "probability_summary": {
    "rows": 50000,
    "clicks": 7849,
    "actual_ctr": 0.15698,
    "mean_predicted_ctr": 0.1569105337471445,
    "roc_auc": 0.7334947151203189,
    "average_precision": 0.33364025663473657,
    "log_loss": 0.385883747363835,
    "brier_score": 0.11925713909059121,
    "minimum_probability": 1e-07,
    "maximum_probability": 0.9999999,
    "probability_quantiles": {
      "q00": 1e-07,
      "q01": 0.010160603080957063,
      "q05": 0.019039595619208087,
      "q10": 0.030492030492030493,
      "q25": 0.06266471449487554,
      "q50": 0.12927899686520378,
      "q75": 0.21967677440853048,
      "q90": 0.3088050314465409,
      "q95": 0.32673267326732675,
      "q99": 0.5577651515151517,
      "q100": 0.9999999
    }
  },
  "threshold_count": 74,
  "threshold_range": {
    "min": 1e-07,
    "max": 0.9999999
  },
  "topk_coverages": [
    0.01,
    0.02,
    0.05,
    0.1,
    0.15,
    0.2,
    0.3,
    0.4,
    0.5,
    0.6,
    0.7,
    0.8,
    0.9,
    1.0
  ],
  "decile_count": 10,
  "operating_points": [
    {
      "operating_point": "maximum_f1",
      "feasible": true,
      "interpretation": "F1 最大的数学折中阈值；并列时选择更高阈值。",
      "threshold": 0.20059788440901427,
      "coverage": 0.33156,
      "precision": 0.28622270478948003,
      "recall": 0.6045356096318002,
      "f1": 0.38850452368280997,
      "lift": 1.8233068211841,
      "selected_group_ctr": 0.28622270478948003,
      "click_capture_rate": 0.6045356096318002,
      "tp": 4745.0,
      "fp": 11833.0,
      "tn": 30318.0,
      "fn": 3104.0
    },
    {
      "operating_point": "maximum_youden_j",
      "feasible": true,
      "interpretation": "Youden J 最大，兼顾 recall 与 specificity。",
      "threshold": 0.16,
      "coverage": 0.41706,
      "precision": 0.2656212535366614,
      "recall": 0.705694992992738,
      "f1": 0.38596613476412794,
      "lift": 1.6920706684715339,
      "selected_group_ctr": 0.2656212535366614,
      "click_capture_rate": 0.705694992992738,
      "tp": 5539.0,
      "fp": 15314.0,
      "tn": 26837.0,
      "fn": 2310.0
    },
    {
      "operating_point": "recall_at_least_80_percent",
      "feasible": true,
      "interpretation": "Recall >= 80% 时 precision 最高的阈值。",
      "threshold": 0.12,
      "coverage": 0.52814,
      "precision": 0.23940621804824477,
      "recall": 0.8054529239393553,
      "f1": 0.3691032227930873,
      "lift": 1.5250746467591079,
      "selected_group_ctr": 0.23940621804824477,
      "click_capture_rate": 0.8054529239393553,
      "tp": 6322.0,
      "fp": 20085.0,
      "tn": 22066.0,
      "fn": 1527.0
    },
    {
      "operating_point": "recall_at_least_90_percent",
      "feasible": true,
      "interpretation": "Recall >= 90% 时 precision 最高的阈值。",
      "threshold": 0.09,
      "coverage": 0.66708,
      "precision": 0.2130479102956167,
      "recall": 0.905338259650911,
      "f1": 0.3449263403150256,
      "lift": 1.3571659465894808,
      "selected_group_ctr": 0.2130479102956167,
      "click_capture_rate": 0.905338259650911,
      "tp": 7106.0,
      "fp": 26248.0,
      "tn": 15903.0,
      "fn": 743.0
    },
    {
      "operating_point": "precision_at_least_25_percent",
      "feasible": true,
      "interpretation": "Precision >= 25% 时 recall 最高的阈值。",
      "threshold": 0.16,
      "coverage": 0.41706,
      "precision": 0.2656212535366614,
      "recall": 0.705694992992738,
      "f1": 0.38596613476412794,
      "lift": 1.6920706684715339,
      "selected_group_ctr": 0.2656212535366614,
      "click_capture_rate": 0.705694992992738,
      "tp": 5539.0,
      "fp": 15314.0,
      "tn": 26837.0,
      "fn": 2310.0
    },
    {
      "operating_point": "coverage_nearest_10_percent",
      "feasible": true,
      "interpretation": "coverage 最接近 10% 的阈值。",
      "threshold": 0.31,
      "coverage": 0.09968,
      "precision": 0.38924558587479935,
      "recall": 0.24716524398012485,
      "f1": 0.3023455154679342,
      "lift": 2.4795871185807066,
      "selected_group_ctr": 0.38924558587479935,
      "click_capture_rate": 0.24716524398012485,
      "tp": 1940.0,
      "fp": 3044.0,
      "tn": 39107.0,
      "fn": 5909.0
    },
    {
      "operating_point": "coverage_nearest_20_percent",
      "feasible": true,
      "interpretation": "coverage 最接近 20% 的阈值。",
      "threshold": 0.26,
      "coverage": 0.18756,
      "precision": 0.336425677116656,
      "recall": 0.40196203338004843,
      "f1": 0.3662854820920648,
      "lift": 2.1431117156112625,
      "selected_group_ctr": 0.336425677116656,
      "click_capture_rate": 0.40196203338004843,
      "tp": 3155.0,
      "fp": 6223.0,
      "tn": 35928.0,
      "fn": 4694.0
    }
  ],
  "output_paths": {
    "threshold_metrics_csv": "outputs/strategy/threshold_metrics_test.csv",
    "topk_metrics_csv": "outputs/strategy/topk_lift_metrics_test.csv",
    "decile_csv": "outputs/strategy/score_decile_analysis_test.csv",
    "operating_points_csv": "outputs/strategy/operating_points_test.csv",
    "ranked_predictions": "outputs/predictions/selected_probability_strategy_evaluation_test.parquet",
    "summary_csv": "outputs/threshold_strategy_summary_test.csv",
    "report_txt": "outputs/threshold_strategy_report_test.txt",
    "plots_dir": "outputs/strategy/plots_test"
  },
  "limitations": [
    "当前结果属于 development evaluation",
    "LightGBM 参数曾使用完整 valid 选择",
    "最终校准器尚未在 holdout 上评价",
    "Top-K 默认每条曝光成本相同",
    "缺少真实收益与投放成本数据",
    "阈值不能仅根据 F1 确定"
  ],
  "holdout_used": false,
  "validation_passed": true
}