{
  "roc_auc": 0.7329941188075726,
  "log_loss": 0.40851837396621704,
  "accuracy": 0.843605,
  "precision": 0.0,
  "recall": 0.0,
  "f1": 0.0,
  "valid_actual_ctr": 0.156395,
  "valid_mean_predicted_ctr": 0.1673915684223175,
  "predicted_click_ratio_at_threshold": 0.0,
  "best_iteration": 8,
  "threshold": 0.5,
  "test_mode": true,
  "result_note": "测试模式结果仅用于链路检查，不能作为最终结论。",
  "logistic_baseline": {
    "roc_auc": 0.731078941430253,
    "log_loss": 0.4126315426040813,
    "valid_actual_ctr": 0.1565620590469988,
    "valid_mean_predicted_ctr": 0.2439792785058468
  },
  "lightgbm_baseline": {
    "roc_auc": 0.735405515794652,
    "log_loss": 0.38523736790195107,
    "valid_actual_ctr": 0.156968,
    "valid_mean_predicted_ctr": 0.15702339927370149
  },
  "comparison_with_logistic": {
    "auc_diff": 0.0019151773773196101,
    "logloss_diff": -0.004113168637864262,
    "predicted_ctr_gap": 0.010996568422317499,
    "logistic_predicted_ctr_gap": 0.087417219458848,
    "auc_higher_than_logistic": "是",
    "logloss_lower_than_logistic": "是"
  },
  "comparison_with_lightgbm": {
    "auc_diff": -0.0024113969870793728,
    "logloss_diff": 0.023281006064265974,
    "predicted_ctr_gap": 0.010996568422317499,
    "lightgbm_predicted_ctr_gap": 5.539927370148967e-05,
    "auc_higher_than_lightgbm": "否",
    "logloss_lower_than_lightgbm": "否"
  }
}
