operating_point,feasible,interpretation,threshold,coverage,precision,recall,f1,lift,selected_group_ctr,click_capture_rate,tp,fp,tn,fn
maximum_f1,True,F1 最大的数学折中阈值；并列时选择更高阈值。,0.20059788440901427,0.33156,0.28622270478948003,0.6045356096318002,0.38850452368280997,1.8233068211841,0.28622270478948003,0.6045356096318002,4745.0,11833.0,30318.0,3104.0
maximum_youden_j,True,Youden J 最大，兼顾 recall 与 specificity。,0.16,0.41706,0.2656212535366614,0.705694992992738,0.38596613476412794,1.6920706684715339,0.2656212535366614,0.705694992992738,5539.0,15314.0,26837.0,2310.0
recall_at_least_80_percent,True,Recall >= 80% 时 precision 最高的阈值。,0.12,0.52814,0.23940621804824477,0.8054529239393553,0.3691032227930873,1.5250746467591079,0.23940621804824477,0.8054529239393553,6322.0,20085.0,22066.0,1527.0
recall_at_least_90_percent,True,Recall >= 90% 时 precision 最高的阈值。,0.09,0.66708,0.2130479102956167,0.905338259650911,0.3449263403150256,1.3571659465894808,0.2130479102956167,0.905338259650911,7106.0,26248.0,15903.0,743.0
precision_at_least_25_percent,True,Precision >= 25% 时 recall 最高的阈值。,0.16,0.41706,0.2656212535366614,0.705694992992738,0.38596613476412794,1.6920706684715339,0.2656212535366614,0.705694992992738,5539.0,15314.0,26837.0,2310.0
coverage_nearest_10_percent,True,coverage 最接近 10% 的阈值。,0.31,0.09968,0.38924558587479935,0.24716524398012485,0.3023455154679342,2.4795871185807066,0.38924558587479935,0.24716524398012485,1940.0,3044.0,39107.0,5909.0
coverage_nearest_20_percent,True,coverage 最接近 20% 的阈值。,0.26,0.18756,0.336425677116656,0.40196203338004843,0.3662854820920648,2.1431117156112625,0.336425677116656,0.40196203338004843,3155.0,6223.0,35928.0,4694.0
