feature_name,minimum_ctr,maximum_ctr,ctr_spread,top_category_count
hour_of_day,0.15787580053248904,0.18782722513089006,0.029951424598401027,24
day_of_week,0.15581563536301418,0.18296015846350575,0.027144523100491563,7
is_weekend,0.1660701381302176,0.18100010111109863,0.014929962980881034,2
banner_device_cross,0.0,1.0,1.0,14
hour_banner_cross,0.1410020350809187,0.1830293764333297,0.04202734135241101,20
site_device_cross,0.0,0.5103448275862069,0.5103448275862069,20
