feature_name,pearson_correlation_with_click
hour_of_day,-0.0018701104107404565
day,-0.008380997177067504
day_of_week,0.013750374150074515
is_weekend,0.015249672267029158
site_id_freq,-0.08622014617729516
site_category_freq,-0.09698443302895524
app_id_freq,0.10399425133653005
app_category_freq,0.10088190396111366
device_model_freq,0.001264529751287901
